{"cameraMode":{"drawMode":0,"name":"Shaded","section":"Shading Mode"},"sceneLighting":true,"audioPlay":false,"sceneViewState":{"m_AlwaysRefresh":false,"showFog":true,"showSkybox":true,"showFlares":true,"showImageEffects":true,"showParticleSystems":true,"showVisualEffectGraphs":true,"m_FxEnabled":true},"in2DMode":false,"pivot":{"x":0.6928505897521973,"y":0.455874502658844,"z":0.2354273796081543},"rotation":{"x":-0.1706956923007965,"y":-0.11881255358457566,"z":0.020738936960697175,"w":-0.9779167175292969},"size":2.5509965419769289,"orthographic":false}